run,test loss,node average_precision,test average_precision,node roc_auc,test roc_auc,new node test loss,new node test average_precision,new node test roc_auc
0,0.6634,"[0.3751574341889508, 0.370140690493227, 0.43090672472949293, 0.6114809985570802, 0.7159992687082128, 0.6256614666962971, 0.5890074114102707, 0.5974209995908512, 0.6079994367619406]",0.5471,"[0.289925, 0.27835000000000004, 0.4468, 0.73565, 0.7638499999999999, 0.5544625, 0.7007749999999999, 0.7162125, 0.7372114078768673]",0.5804,0.7033,1,1
1,0.6904,"[0.7061418760726191, 0.37118618214317106, 0.343259927647467, 0.45655762492422014, 0.5996690543368042, 0.4992027853878894, 0.690671112192472, 0.6945493851777647, 0.444884328379934]",0.534,"[0.854325, 0.2862, 0.16857499999999997, 0.50715, 0.6679750000000001, 0.30161250000000006, 0.8388, 0.8412374999999999, 0.4891856546451386]",0.5506,0.7006,1,0
