run,test loss,node average_precision,test average_precision,node roc_auc,test roc_auc,new node test loss,new node test average_precision,new node test roc_auc
0,0.6807,"[0.8770046104976847, 0.6159852536431734, 0.44465958502398883, 0.5073646691113621, 0.6586465706744915, 0.6002372535784142, 0.470063156486725, 0.4435570501469295, 0.4154490766718227]",0.5592,"[0.94235, 0.734125, 0.480325, 0.600625, 0.74085, 0.50865, 0.544775, 0.48806249999999995, 0.4177606760223329]",0.6064,0.7002,1,1
1,0.682,"[0.8899442337612705, 0.4492250124991193, 0.42630234027820724, 0.49795684640522825, 0.6916569974284557, 0.5854247451692234, 0.4774394949972748, 0.4422392374530918, 0.40489222052178575]",0.5406,"[0.9464750000000001, 0.4857, 0.4441875, 0.5740500000000001, 0.779625, 0.48665, 0.558925, 0.48325, 0.3893415824153714]",0.572,0.6958,1,1
